ZONE;ZONE_ORIG;ZONE_DEST;STRUCTURE;X;Y;POINTS;TYPE;LVL;SECTOR;SECTOR2;DURABILITY;LOYALTY;DAMAGE_LOYALTY
C;C;;АТ;800;800;600;Ancient Temple;7;Central;;5.000.000;8.000;5.600
E-Z3;E-Z3;;C6;1358;916;100;Capital;6;East;;4.500.000;7.000;5.200
EC-Z4;EC-Z4;;C6;965;755;100;Capital;6;East Central;;4.500.000;7.000;5.200
N1-Z2;N1-Z2;;C6;173;244;100;Capital;6;North 1;;4.500.000;7.000;5.200
N2-Z5;N2-Z5;;C6;590;258;100;Capital;6;North 2;;4.500.000;7.000;5.200
N3-Z5;N3-Z5;;C6;1017;233;100;Capital;6;North 3;;4.500.000;7.000;5.200
N4-Z4;N4-Z4;;C6;1318;418;100;Capital;6;North 4;;4.500.000;7.000;5.200
S1-Z4;S1-Z4;;C6;1402;1263;100;Capital;6;South 1;;4.500.000;7.000;5.200
S2-Z5;S2-Z5;;C6;961;1248;100;Capital;6;South 2;;4.500.000;7.000;5.200
S3-Z4;S3-Z4;;C6;558;1269;100;Capital;6;South 3;;4.500.000;7.000;5.200
S4-Z5;S4-Z5;;C6;216;1130;100;Capital;6;South 4;;4.500.000;7.000;5.200
W-Z4;W-Z4;;C6;235;726;100;Capital;6;West;;4.500.000;7.000;5.200
WC-Z2;WC-Z2;;C6;635;845;100;Capital;6;West Central;;4.500.000;7.000;5.200
E-Z1;E-Z1;;CP1;1492;783;5;Checkpoint;1;East;;200.000;2.700;1.800
E-Z1;E-Z1;;CP1;1459;819;5;Checkpoint;1;East;;200.000;2.700;1.800
E-Z2;E-Z2;;CP1;1495;862;5;Checkpoint;1;East;;200.000;2.700;1.800
E-Z2;E-Z2;;CP1;1499;954;5;Checkpoint;1;East;;200.000;2.700;1.800
E-Z3;E-Z3;;CP1;1384;898;5;Checkpoint;1;East;;200.000;2.700;1.800
E-Z3;E-Z3;;CP1;1393;951;5;Checkpoint;1;East;;200.000;2.700;1.800
E-Z4;E-Z4;;CP1;1243;666;5;Checkpoint;1;East;;200.000;2.700;1.800
E-Z4;E-Z4;;CP1;1201;731;5;Checkpoint;1;East;;200.000;2.700;1.800
E-Z4;E-Z4;;CP1;1217;750;5;Checkpoint;1;East;;200.000;2.700;1.800
E-Z5;E-Z5;;CP1;1210;843;5;Checkpoint;1;East;;200.000;2.700;1.800
E-Z5;E-Z5;;CP1;1249;882;5;Checkpoint;1;East;;200.000;2.700;1.800
E-Z5;E-Z5;;CP1;1188;885;5;Checkpoint;1;East;;200.000;2.700;1.800
EC-Z1;EC-Z1;;CP1;927;913;5;Checkpoint;1;East Central;;200.000;2.700;1.800
EC-Z1;EC-Z1;;CP1;885;962;5;Checkpoint;1;East Central;;200.000;2.700;1.800
EC-Z2;EC-Z2;;CP1;1000;920;5;Checkpoint;1;East Central;;200.000;2.700;1.800
EC-Z2;EC-Z2;;CP1;1028;821;5;Checkpoint;1;East Central;;200.000;2.700;1.800
EC-Z3;EC-Z3;;CP1;1074;693;5;Checkpoint;1;East Central;;200.000;2.700;1.800
EC-Z3;EC-Z3;;CP1;1012;546;5;Checkpoint;1;East Central;;200.000;2.700;1.800
EC-Z4;EC-Z4;;CP1;930;699;5;Checkpoint;1;East Central;;200.000;2.700;1.800
EC-Z4;EC-Z4;;CP1;903;675;5;Checkpoint;1;East Central;;200.000;2.700;1.800
EC-Z4;EC-Z4;;CP1;850;647;5;Checkpoint;1;East Central;;200.000;2.700;1.800
EC-Z4;EC-Z4;;CP1;848;585;5;Checkpoint;1;East Central;;200.000;2.700;1.800
EC-Z5;EC-Z5;;CP1;925;450;5;Checkpoint;1;East Central;;200.000;2.700;1.800
EC-Z5;EC-Z5;;CP1;889;514;5;Checkpoint;1;East Central;;200.000;2.700;1.800
N1-Z1;N1-Z1;;CP1;101;378;5;Checkpoint;1;North 1;;200.000;2.700;1.800
N1-Z1;N1-Z1;;CP1;103;368;5;Checkpoint;1;North 1;;200.000;2.700;1.800
N1-Z2,Z5;N1-Z2;N1-Z5;CP1;195;215;5;Checkpoint;1;North 1;;200.000;2.700;1.800
N1-Z2;N1-Z2;;CP1;167;266;5;Checkpoint;1;North 1;;200.000;2.700;1.800
N1-Z2;N1-Z2;;CP1;185;249;5;Checkpoint;1;North 1;;200.000;2.700;1.800
N1-Z3;N1-Z3;;CP1;140;102;5;Checkpoint;1;North 1;;200.000;2.700;1.800
N1-Z3;N1-Z3;;CP1;152;72;5;Checkpoint;1;North 1;;200.000;2.700;1.800
N1-Z4;N1-Z4;;CP1;215;450;5;Checkpoint;1;North 1;;200.000;2.700;1.800
N1-Z4;N1-Z4;;CP1;269;436;5;Checkpoint;1;North 1;;200.000;2.700;1.800
N1-Z5;N1-Z5;;CP1;223;127;5;Checkpoint;1;North 1;;200.000;2.700;1.800
N1-Z5;N1-Z5;;CP1;262;197;5;Checkpoint;1;North 1;;200.000;2.700;1.800
N1-Z6;N1-Z6;;CP1;334;355;5;Checkpoint;1;North 1;;200.000;2.700;1.800
N1-Z6;N1-Z6;;CP1;357;339;5;Checkpoint;1;North 1;;200.000;2.700;1.800
N2-Z1;N2-Z1;;CP1;337;120;5;Checkpoint;1;North 2;;200.000;2.700;1.800
N2-Z1;N2-Z1;;CP1;391;168;5;Checkpoint;1;North 2;;200.000;2.700;1.800
N2-Z2;N2-Z2;;CP1;506;118;5;Checkpoint;1;North 2;;200.000;2.700;1.800
N2-Z2;N2-Z2;;CP1;494;150;5;Checkpoint;1;North 2;;200.000;2.700;1.800
N2-Z2;N2-Z2;;CP1;535;178;5;Checkpoint;1;North 2;;200.000;2.700;1.800
N2-Z3;N2-Z3;;CP1;598;89;5;Checkpoint;1;North 2;;200.000;2.700;1.800
N2-Z3;N2-Z3;;CP1;619;130;5;Checkpoint;1;North 2;;200.000;2.700;1.800
N2-Z3;N2-Z3;;CP1;706;134;5;Checkpoint;1;North 2;;200.000;2.700;1.800
N2-Z4;N2-Z4;;CP1;485;348;5;Checkpoint;1;North 2;;200.000;2.700;1.800
N2-Z4;N2-Z4;;CP1;476;311;5;Checkpoint;1;North 2;;200.000;2.700;1.800
N2-Z5;N2-Z5;;CP1;596;324;5;Checkpoint;1;North 2;;200.000;2.700;1.800
N2-Z5;N2-Z5;;CP1;599;289;5;Checkpoint;1;North 2;;200.000;2.700;1.800
N2-Z5;N2-Z5;;CP1;608;231;5;Checkpoint;1;North 2;;200.000;2.700;1.800
N2-Z6;N2-Z6;;CP1;730;286;5;Checkpoint;1;North 2;;200.000;2.700;1.800
N2-Z6;N2-Z6;;CP1;773;307;5;Checkpoint;1;North 2;;200.000;2.700;1.800
N2-Z6;N2-Z6;;CP1;783;257;5;Checkpoint;1;North 2;;200.000;2.700;1.800
N3-Z1;N3-Z1;;CP1;853;89;5;Checkpoint;1;North 3;;200.000;2.700;1.800
N3-Z1;N3-Z1;;CP1;876;97;5;Checkpoint;1;North 3;;200.000;2.700;1.800
N3-Z1;N3-Z1;;CP1;831;163;5;Checkpoint;1;North 3;;200.000;2.700;1.800
N3-Z2;N3-Z2;;CP1;982;116;5;Checkpoint;1;North 3;;200.000;2.700;1.800
N3-Z2;N3-Z2;;CP1;988;104;5;Checkpoint;1;North 3;;200.000;2.700;1.800
N3-Z2;N3-Z2;;CP1;1067;122;5;Checkpoint;1;North 3;;200.000;2.700;1.800
N3-Z2;N3-Z2;;CP1;1041;64;5;Checkpoint;1;North 3;;200.000;2.700;1.800
N3-Z3;N3-Z3;;CP1;1249;109;5;Checkpoint;1;North 3;;200.000;2.700;1.800
N3-Z3;N3-Z3;;CP1;1263;83;5;Checkpoint;1;North 3;;200.000;2.700;1.800
N3-Z4;N3-Z4;;CP1;931;373;5;Checkpoint;1;North 3;;200.000;2.700;1.800
N3-Z4;N3-Z4;;CP1;973;353;5;Checkpoint;1;North 3;;200.000;2.700;1.800
N3-Z5;N3-Z5;;CP1;1087;263;5;Checkpoint;1;North 3;;200.000;2.700;1.800
N3-Z5;N3-Z5;;CP1;1051;241;5;Checkpoint;1;North 3;;200.000;2.700;1.800
N3-Z5;N3-Z5;;CP1;1017;269;5;Checkpoint;1;North 3;;200.000;2.700;1.800
N3-Z6;N3-Z6;;CP1;1167;200;5;Checkpoint;1;North 3;;200.000;2.700;1.800
N3-Z6;N3-Z6;;CP1;1184;167;5;Checkpoint;1;North 3;;200.000;2.700;1.800
N3-Z6;N3-Z6;;CP1;1166;145;5;Checkpoint;1;North 3;;200.000;2.700;1.800
N4-Z1;N4-Z1;;CP1;1479;114;5;Checkpoint;1;North 4;;200.000;2.700;1.800
N4-Z1;N4-Z1;;CP1;1460;126;5;Checkpoint;1;North 4;;200.000;2.700;1.800
N4-Z1;N4-Z1;;CP1;1419;122;5;Checkpoint;1;North 4;;200.000;2.700;1.800
N4-Z2;N4-Z2;;CP1;1408;271;5;Checkpoint;1;North 4;;200.000;2.700;1.800
N4-Z2;N4-Z2;;CP1;1434;324;5;Checkpoint;1;North 4;;200.000;2.700;1.800
N4-Z3;N4-Z3;;CP1;1453;466;5;Checkpoint;1;North 4;;200.000;2.700;1.800
N4-Z3;N4-Z3;;CP1;1443;500;5;Checkpoint;1;North 4;;200.000;2.700;1.800
N4-Z3;N4-Z3;;CP1;1390;486;5;Checkpoint;1;North 4;;200.000;2.700;1.800
N4-Z4;N4-Z4;;CP1;1302;370;5;Checkpoint;1;North 4;;200.000;2.700;1.800
N4-Z4;N4-Z4;;CP1;1254;372;5;Checkpoint;1;North 4;;200.000;2.700;1.800
N4-Z4;N4-Z4;;CP1;1337;420;5;Checkpoint;1;North 4;;200.000;2.700;1.800
N4-Z5;N4-Z5;;CP1;1317;593;5;Checkpoint;1;North 4;;200.000;2.700;1.800
N4-Z5;N4-Z5;;CP1;1280;610;5;Checkpoint;1;North 4;;200.000;2.700;1.800
N4-Z6;N4-Z6;;CP1;1136;493;5;Checkpoint;1;North 4;;200.000;2.700;1.800
N4-Z6;N4-Z6;;CP1;1128;521;5;Checkpoint;1;North 4;;200.000;2.700;1.800
N4-Z6;N4-Z6;;CP1;1228;589;5;Checkpoint;1;North 4;;200.000;2.700;1.800
S1-Z1;S1-Z1;;CP1;1453;1042;5;Checkpoint;1;South 1;;200.000;2.700;1.800
S1-Z1;S1-Z1;;CP1;1424;1062;5;Checkpoint;1;South 1;;200.000;2.700;1.800
S1-Z1;S1-Z1;;CP1;1343;1066;5;Checkpoint;1;South 1;;200.000;2.700;1.800
S1-Z2;S1-Z2;;CP1;1551;1256;5;Checkpoint;1;South 1;;200.000;2.700;1.800
S1-Z2;S1-Z2;;CP1;1549;1282;5;Checkpoint;1;South 1;;200.000;2.700;1.800
S1-Z3;S1-Z3;;CP1;1567;1417;5;Checkpoint;1;South 1;;200.000;2.700;1.800
S1-Z3;S1-Z3;;CP1;1503;1391;5;Checkpoint;1;South 1;;200.000;2.700;1.800
S1-Z4;S1-Z4;;CP1;1423;1261;5;Checkpoint;1;South 1;;200.000;2.700;1.800
S1-Z4;S1-Z4;;CP1;1381;1233;5;Checkpoint;1;South 1;;200.000;2.700;1.800
S1-Z5;S1-Z5;;CP1;1245;1066;5;Checkpoint;1;South 1;;200.000;2.700;1.800
S1-Z5;S1-Z5;;CP1;1226;1087;5;Checkpoint;1;South 1;;200.000;2.700;1.800
S1-Z6;S1-Z6;;CP1;1335;1180;5;Checkpoint;1;South 1;;200.000;2.700;1.800
S1-Z6;S1-Z6;;CP1;1286;1200;5;Checkpoint;1;South 1;;200.000;2.700;1.800
S1-Z6;S1-Z6;;CP1;1279;1230;5;Checkpoint;1;South 1;;200.000;2.700;1.800
S2-Z1;S2-Z1;;CP1;1316;1331;5;Checkpoint;1;South 2;;200.000;2.700;1.800
S2-Z1;S2-Z1;;CP1;1271;1327;5;Checkpoint;1;South 2;;200.000;2.700;1.800
S2-Z1;S2-Z1;;CP1;1125;1331;5;Checkpoint;1;South 2;;200.000;2.700;1.800
S2-Z2;S2-Z2;;CP1;1054;1423;5;Checkpoint;1;South 2;;200.000;2.700;1.800
S2-Z2;S2-Z2;;CP1;1034;1385;5;Checkpoint;1;South 2;;200.000;2.700;1.800
S2-Z3;S2-Z3;;CP1;854;1440;5;Checkpoint;1;South 2;;200.000;2.700;1.800
S2-Z3;S2-Z3;;CP1;830;1415;5;Checkpoint;1;South 2;;200.000;2.700;1.800
S2-Z3;S2-Z3;;CP1;849;1331;5;Checkpoint;1;South 2;;200.000;2.700;1.800
S2-Z4;S2-Z4;;CP1;1176;1271;5;Checkpoint;1;South 2;;200.000;2.700;1.800
S2-Z4;S2-Z4;;CP1;1130;1225;5;Checkpoint;1;South 2;;200.000;2.700;1.800
S2-Z5;S2-Z5;;CP1;941;1234;5;Checkpoint;1;South 2;;200.000;2.700;1.800
S2-Z5;S2-Z5;;CP1;922;1176;5;Checkpoint;1;South 2;;200.000;2.700;1.800
S2-Z6;S2-Z6;;CP1;876;1120;5;Checkpoint;1;South 2;;200.000;2.700;1.800
S2-Z6;S2-Z6;;CP1;795;1173;5;Checkpoint;1;South 2;;200.000;2.700;1.800
S2-Z6;S2-Z6;;CP1;743;1139;5;Checkpoint;1;South 2;;200.000;2.700;1.800
S3-Z1;S3-Z1;;CP1;778;1503;5;Checkpoint;1;South 3;;200.000;2.700;1.800
S3-Z1;S3-Z1;;CP1;650;1477;5;Checkpoint;1;South 3;;200.000;2.700;1.800
S3-Z2;S3-Z2;;CP1;424;1496;5;Checkpoint;1;South 3;;200.000;2.700;1.800
S3-Z2;S3-Z2;;CP1;334;1404;5;Checkpoint;1;South 3;;200.000;2.700;1.800
S3-Z3;S3-Z3;;CP1;504;1444;5;Checkpoint;1;South 3;;200.000;2.700;1.800
S3-Z3;S3-Z3;;CP1;458;1415;5;Checkpoint;1;South 3;;200.000;2.700;1.800
S3-Z4;S3-Z4;;CP1;543;1262;5;Checkpoint;1;South 3;;200.000;2.700;1.800
S3-Z4;S3-Z4;;CP1;554;1243;5;Checkpoint;1;South 3;;200.000;2.700;1.800
S3-Z5;S3-Z5;;CP1;445;1217;5;Checkpoint;1;South 3;;200.000;2.700;1.800
S3-Z5;S3-Z5;;CP1;444;1267;5;Checkpoint;1;South 3;;200.000;2.700;1.800
S3-Z6;S3-Z6;;CP1;718;1261;5;Checkpoint;1;South 3;;200.000;2.700;1.800
S3-Z6;S3-Z6;;CP1;685;1249;5;Checkpoint;1;South 3;;200.000;2.700;1.800
S4-Z1;S4-Z1;;CP1;214;1436;5;Checkpoint;1;South 4;;200.000;2.700;1.800
S4-Z1;S4-Z1;;CP1;183;1345;5;Checkpoint;1;South 4;;200.000;2.700;1.800
S4-Z1;S4-Z1;;CP1;261;1361;5;Checkpoint;1;South 4;;200.000;2.700;1.800
S4-Z2;S4-Z2;;CP1;143;1292;5;Checkpoint;1;South 4;;200.000;2.700;1.800
S4-Z2;S4-Z2;;CP1;123;1251;5;Checkpoint;1;South 4;;200.000;2.700;1.800
S4-Z2;S4-Z2;;CP1;140;1210;5;Checkpoint;1;South 4;;200.000;2.700;1.800
S4-Z3;S4-Z3;;CP1;113;1111;5;Checkpoint;1;South 4;;200.000;2.700;1.800
S4-Z3;S4-Z3;;CP1;111;1061;5;Checkpoint;1;South 4;;200.000;2.700;1.800
S4-Z3;S4-Z3;;CP1;124;978;5;Checkpoint;1;South 4;;200.000;2.700;1.800
S4-Z4;S4-Z4;;CP1;151;873;5;Checkpoint;1;South 4;;200.000;2.700;1.800
S4-Z4;S4-Z4;;CP1;173;902;5;Checkpoint;1;South 4;;200.000;2.700;1.800
S4-Z4;S4-Z4;;CP1;218;914;5;Checkpoint;1;South 4;;200.000;2.700;1.800
S4-Z5;S4-Z5;;CP1;211;1078;5;Checkpoint;1;South 4;;200.000;2.700;1.800
S4-Z5;S4-Z5;;CP1;179;1057;5;Checkpoint;1;South 4;;200.000;2.700;1.800
S4-Z5;S4-Z5;;CP1;254;1024;5;Checkpoint;1;South 4;;200.000;2.700;1.800
S4-Z6;S4-Z6;;CP1;305;1001;5;Checkpoint;1;South 4;;200.000;2.700;1.800
S4-Z6;S4-Z6;;CP1;380;1015;5;Checkpoint;1;South 4;;200.000;2.700;1.800
W-Z1;W-Z1;;CP1;83;708;5;Checkpoint;1;West;;200.000;2.700;1.800
W-Z1;W-Z1;;CP1;44;678;5;Checkpoint;1;West;;200.000;2.700;1.800
W-Z2;W-Z2;;CP1;86;573;5;Checkpoint;1;West;;200.000;2.700;1.800
W-Z2;W-Z2;;CP1;121;607;5;Checkpoint;1;West;;200.000;2.700;1.800
W-Z3;W-Z3;;CP1;270;853;5;Checkpoint;1;West;;200.000;2.700;1.800
W-Z3;W-Z3;;CP1;252;823;5;Checkpoint;1;West;;200.000;2.700;1.800
W-Z4;W-Z4;;CP1;244;752;5;Checkpoint;1;West;;200.000;2.700;1.800
W-Z4;W-Z4;;CP1;283;722;5;Checkpoint;1;West;;200.000;2.700;1.800
W-Z5;W-Z5;;CP1;356;611;5;Checkpoint;1;West;;200.000;2.700;1.800
WC-Z1;WC-Z1;;CP1;594;525;5;Checkpoint;1;West Central;;200.000;2.700;1.800
WC-Z1;WC-Z1;;CP1;655;539;5;Checkpoint;1;West Central;;200.000;2.700;1.800
WC-Z1;WC-Z1;;CP1;681;539;5;Checkpoint;1;West Central;;200.000;2.700;1.800
WC-Z2;WC-Z2;;CP1;547;545;5;Checkpoint;1;West Central;;200.000;2.700;1.800
WC-Z2;WC-Z2;;CP1;583;738;5;Checkpoint;1;West Central;;200.000;2.700;1.800
WC-Z3;WC-Z3;;CP1;523;783;5;Checkpoint;1;West Central;;200.000;2.700;1.800
WC-Z3;WC-Z3;;CP1;516;831;5;Checkpoint;1;West Central;;200.000;2.700;1.800
WC-Z4;WC-Z4;;CP1;509;894;5;Checkpoint;1;West Central;;200.000;2.700;1.800
WC-Z4;WC-Z4;;CP1;519;980;5;Checkpoint;1;West Central;;200.000;2.700;1.800
WC-Z5;WC-Z5;;CP1;614;985;5;Checkpoint;1;West Central;;200.000;2.700;1.800
WC-Z5;WC-Z5;;CP1;708;987;5;Checkpoint;1;West Central;;200.000;2.700;1.800
E-Z1,Z2;E-Z1;E-Z2;CP2;1494;846;5;Checkpoint;2;East;;400.000;3.600;2.700
E-Z1,Z3;E-Z1;E-Z3;CP2;1373;824;5;Checkpoint;2;East;;400.000;3.600;2.700
E-Z1,Z4;E-Z1;E-Z4;CP2;1318;731;5;Checkpoint;2;East;;400.000;3.600;2.700
E-Z2,Z3;E-Z2;E-Z3;CP2;1471;934;5;Checkpoint;2;East;;400.000;3.600;2.700
E-Z3,Z4;E-Z3;E-Z4;CP2;1239;784;5;Checkpoint;2;East;;400.000;3.600;2.700
E-Z3,Z5;E-Z3;E-Z5;CP2;1254;849;5;Checkpoint;2;East;;400.000;3.600;2.700
E-Z4,Z5;E-Z4;E-Z5;CP2;1169;787;5;Checkpoint;2;East;;400.000;3.600;2.700
EC-Z1,Z2;EC-Z1;EC-Z2;CP2;969;955;5;Checkpoint;2;East Central;;400.000;3.600;2.700
EC-Z1,Z4;EC-Z1;EC-Z4;CP2;952;843;5;Checkpoint;2;East Central;;400.000;3.600;2.700
EC-Z2,Z3;EC-Z2;EC-Z3;CP2;1090;714;5;Checkpoint;2;East Central;;400.000;3.600;2.700
EC-Z2,Z4;EC-Z2;EC-Z4;CP2;998;844;5;Checkpoint;2;East Central;;400.000;3.600;2.700
EC-Z3,Z4;EC-Z3;EC-Z4;CP2;940;608;5;Checkpoint;2;East Central;;400.000;3.600;2.700
EC-Z3,Z5;EC-Z3;EC-Z5;CP2;951;531;5;Checkpoint;2;East Central;;400.000;3.600;2.700
EC-Z4,Z5;EC-Z4;EC-Z5;CP2;893;553;5;Checkpoint;2;East Central;;400.000;3.600;2.700
N1-Z1,Z2;N1-Z1;N1-Z2;CP2;114;316;5;Checkpoint;2;North 1;;400.000;3.600;2.700
N1-Z1,Z4;N1-Z1;N1-Z4;CP2;126;405;5;Checkpoint;2;North 1;;400.000;3.600;2.700
N1-Z2,Z3;N1-Z2;N1-Z3;CP2;83;159;5;Checkpoint;2;North 1;;400.000;3.600;2.700
N1-Z2,Z4;N1-Z2;N1-Z4;CP2;187;329;5;Checkpoint;2;North 1;;400.000;3.600;2.700
N1-Z3,Z5;N1-Z3;N1-Z5;CP2;160;96;5;Checkpoint;2;North 1;;400.000;3.600;2.700
N1-Z4,Z6;N1-Z4;N1-Z6;CP2;296;384;5;Checkpoint;2;North 1;;400.000;3.600;2.700
N1-Z5,Z6;N1-Z5;N1-Z6;CP2;286;302;5;Checkpoint;2;North 1;;400.000;3.600;2.700
N2-Z1,Z2;N2-Z1;N2-Z2;CP2;380;93;5;Checkpoint;2;North 2;;400.000;3.600;2.700
N2-Z1,Z4;N2-Z1;N2-Z4;CP2;371;205;5;Checkpoint;2;North 2;;400.000;3.600;2.700
N2-Z1,Z4;N2-Z1;N2-Z4;CP2;463;193;5;Checkpoint;2;North 2;;400.000;3.600;2.700
N2-Z2,Z3;N2-Z2;N2-Z3;CP2;577;76;5;Checkpoint;2;North 2;;400.000;3.600;2.700
N2-Z2,Z4;N2-Z2;N2-Z4;CP2;509;213;5;Checkpoint;2;North 2;;400.000;3.600;2.700
N2-Z2,Z5;N2-Z2;N2-Z5;CP2;551;198;5;Checkpoint;2;North 2;;400.000;3.600;2.700
N2-Z2,Z6;N2-Z2;N2-Z6;CP2;577;155;5;Checkpoint;2;North 2;;400.000;3.600;2.700
N2-Z3,Z6;N2-Z3;N2-Z6;CP2;709;214;5;Checkpoint;2;North 2;;400.000;3.600;2.700
N2-Z4,Z5;N2-Z4;N2-Z5;CP2;570;318;5;Checkpoint;2;North 2;;400.000;3.600;2.700
N2-Z5,Z6;N2-Z5;N2-Z6;CP2;684;289;5;Checkpoint;2;North 2;;400.000;3.600;2.700
N3-Z1,Z2;N3-Z1;N3-Z2;CP2;925;51;5;Checkpoint;2;North 3;;400.000;3.600;2.700
N3-Z1,Z4;N3-Z1;N3-Z4;CP2;960;281;5;Checkpoint;2;North 3;;400.000;3.600;2.700
N3-Z1,Z5;N3-Z1;N3-Z5;CP2;888;104;5;Checkpoint;2;North 3;;400.000;3.600;2.700
N3-Z2,Z3;N3-Z2;N3-Z3;CP2;1134;48;5;Checkpoint;2;North 3;;400.000;3.600;2.700
N3-Z2,Z5;N3-Z2;N3-Z5;CP2;974;127;5;Checkpoint;2;North 3;;400.000;3.600;2.700
N3-Z2,Z6;N3-Z2;N3-Z6;CP2;1140;141;5;Checkpoint;2;North 3;;400.000;3.600;2.700
N3-Z3,Z6;N3-Z3;N3-Z6;CP2;1257;139;5;Checkpoint;2;North 3;;400.000;3.600;2.700
N3-Z4,Z5;N3-Z4;N3-Z5;CP2;1020;316;5;Checkpoint;2;North 3;;400.000;3.600;2.700
N3-Z5,Z6;N3-Z5;N3-Z6;CP2;1113;236;5;Checkpoint;2;North 3;;400.000;3.600;2.700
N4-Z1,Z2;N4-Z1;N4-Z2;CP2;1439;203;5;Checkpoint;2;North 4;;400.000;3.600;2.700
N4-Z2,Z3;N4-Z2;N4-Z3;CP2;1477;463;5;Checkpoint;2;North 4;;400.000;3.600;2.700
N4-Z2,Z4;N4-Z2;N4-Z4;CP2;1373;341;5;Checkpoint;2;North 4;;400.000;3.600;2.700
N4-Z3,Z4;N4-Z3;N4-Z4;CP2;1374;460;5;Checkpoint;2;North 4;;400.000;3.600;2.700
N4-Z3,Z5;N4-Z3;N4-Z5;CP2;1390;598;5;Checkpoint;2;North 4;;400.000;3.600;2.700
N4-Z4,Z5;N4-Z4;N4-Z5;CP2;1281;464;5;Checkpoint;2;North 4;;400.000;3.600;2.700
N4-Z4,Z6;N4-Z4;N4-Z6;CP2;1159;409;5;Checkpoint;2;North 4;;400.000;3.600;2.700
N4-Z5,Z6;N4-Z5;N4-Z6;CP2;1260;597;5;Checkpoint;2;North 4;;400.000;3.600;2.700
S1-Z1,Z2;S1-Z1;S1-Z2;CP2;1468;1146;5;Checkpoint;2;South 1;;400.000;3.600;2.700
S1-Z1,Z4;S1-Z1;S1-Z4;CP2;1356;1084;5;Checkpoint;2;South 1;;400.000;3.600;2.700
S1-Z1,Z5;S1-Z1;S1-Z5;CP2;1330;1063;5;Checkpoint;2;South 1;;400.000;3.600;2.700
S1-Z2,Z3;S1-Z2;S1-Z3;CP2;1528;1338;5;Checkpoint;2;South 1;;400.000;3.600;2.700
S1-Z2,Z4;S1-Z2;S1-Z4;CP2;1461;1259;5;Checkpoint;2;South 1;;400.000;3.600;2.700
S1-Z3,Z4;S1-Z3;S1-Z4;CP2;1454;1383;5;Checkpoint;2;South 1;;400.000;3.600;2.700
S1-Z4,Z6;S1-Z4;S1-Z6;CP2;1358;1205;5;Checkpoint;2;South 1;;400.000;3.600;2.700
S1-Z5,Z6;S1-Z5;S1-Z6;CP2;1265;1151;5;Checkpoint;2;South 1;;400.000;3.600;2.700
S2-Z1,Z2;S2-Z1;S2-Z2;CP2;1118;1374;5;Checkpoint;2;South 2;;400.000;3.600;2.700
S2-Z1,Z4;S2-Z1;S2-Z4;CP2;1194;1310;5;Checkpoint;2;South 2;;400.000;3.600;2.700
S2-Z1,Z5;S2-Z1;S2-Z5;CP2;1088;1308;5;Checkpoint;2;South 2;;400.000;3.600;2.700
S2-Z2,Z3;S2-Z2;S2-Z3;CP2;1021;1460;5;Checkpoint;2;South 2;;400.000;3.600;2.700
S2-Z2,Z5;S2-Z2;S2-Z5;CP2;1023;1358;5;Checkpoint;2;South 2;;400.000;3.600;2.700
S2-Z3,Z6;S2-Z3;S2-Z6;CP2;858;1308;5;Checkpoint;2;South 2;;400.000;3.600;2.700
S2-Z4,Z5;S2-Z4;S2-Z5;CP2;993;1177;5;Checkpoint;2;South 2;;400.000;3.600;2.700
S2-Z4,Z6;S2-Z4;S2-Z6;CP2;910;1101;5;Checkpoint;2;South 2;;400.000;3.600;2.700
S2-Z5,Z6;S2-Z5;S2-Z6;CP2;857;1165;5;Checkpoint;2;South 2;;400.000;3.600;2.700
S3-Z1,Z3;S3-Z1;S3-Z3;CP2;590;1423;5;Checkpoint;2;South 3;;400.000;3.600;2.700
S3-Z1,Z4;S3-Z1;S3-Z4;CP2;765;1485;5;Checkpoint;2;South 3;;400.000;3.600;2.700
S3-Z2,Z3;S3-Z2;S3-Z3;CP2;460;1465;5;Checkpoint;2;South 3;;400.000;3.600;2.700
S3-Z2,Z3;S3-Z2;S3-Z3;CP2;337;1382;5;Checkpoint;2;South 3;;400.000;3.600;2.700
S3-Z3,Z4;S3-Z3;S3-Z4;CP2;530;1318;5;Checkpoint;2;South 3;;400.000;3.600;2.700
S3-Z3,Z5;S3-Z3;S3-Z5;CP2;473;1330;5;Checkpoint;2;South 3;;400.000;3.600;2.700
S3-Z4,Z5;S3-Z4;S3-Z5;CP2;531;1212;5;Checkpoint;2;South 3;;400.000;3.600;2.700
S3-Z4,Z6;S3-Z4;S3-Z6;CP2;655;1264;5;Checkpoint;2;South 3;;400.000;3.600;2.700
S4-Z1,Z2;S4-Z1;S4-Z2;CP2;128;1320;5;Checkpoint;2;South 4;;400.000;3.600;2.700
S4-Z1,Z5;S4-Z1;S4-Z5;CP2;279;1276;5;Checkpoint;2;South 4;;400.000;3.600;2.700
S4-Z2,Z3;S4-Z2;S4-Z3;CP2;51;1153;5;Checkpoint;2;South 4;;400.000;3.600;2.700
S4-Z2,Z5;S4-Z2;S4-Z5;CP2;155;1219;5;Checkpoint;2;South 4;;400.000;3.600;2.700
S4-Z3,Z4;S4-Z3;S4-Z4;CP2;109;937;5;Checkpoint;2;South 4;;400.000;3.600;2.700
S4-Z3,Z5;S4-Z3;S4-Z5;CP2;164;1083;5;Checkpoint;2;South 4;;400.000;3.600;2.700
S4-Z4,Z5;S4-Z4;S4-Z5;CP2;222;1000;5;Checkpoint;2;South 4;;400.000;3.600;2.700
S4-Z4,Z6;S4-Z4;S4-Z6;CP2;300;971;5;Checkpoint;2;South 4;;400.000;3.600;2.700
S4-Z5,Z6;S4-Z5;S4-Z6;CP2;283;1032;5;Checkpoint;2;South 4;;400.000;3.600;2.700
W-Z1,Z2;W-Z1;W-Z2;CP2;25;602;5;Checkpoint;2;West;;400.000;3.600;2.700
W-Z1,Z3;W-Z1;W-Z3;CP2;140;806;5;Checkpoint;2;West;;400.000;3.600;2.700
W-Z1,Z4;W-Z1;W-Z4;CP2;112;698;5;Checkpoint;2;West;;400.000;3.600;2.700
W-Z2,Z4;W-Z2;W-Z4;CP2;155;655;5;Checkpoint;2;West;;400.000;3.600;2.700
W-Z2,Z5;W-Z2;W-Z5;CP2;229;570;5;Checkpoint;2;West;;400.000;3.600;2.700
W-Z3,Z4;W-Z3;W-Z4;CP2;263;796;5;Checkpoint;2;West;;400.000;3.600;2.700
W-Z4,Z5;W-Z4;W-Z5;CP2;313;715;5;Checkpoint;2;West;;400.000;3.600;2.700
WC-Z1,Z2;WC-Z1;WC-Z2;CP2;590;549;5;Checkpoint;2;West Central;;400.000;3.600;2.700
WC-Z2,Z3;WC-Z2;WC-Z3;CP2;541;754;5;Checkpoint;2;West Central;;400.000;3.600;2.700
WC-Z2,Z5;WC-Z2;WC-Z5;CP2;702;960;5;Checkpoint;2;West Central;;400.000;3.600;2.700
WC-Z3,Z4;WC-Z3;WC-Z4;CP2;525;848;5;Checkpoint;2;West Central;;400.000;3.600;2.700
WC-Z3,Z5;WC-Z3;WC-Z5;CP2;601;919;5;Checkpoint;2;West Central;;400.000;3.600;2.700
WC-Z4,Z5;WC-Z4;WC-Z5;CP2;592;968;5;Checkpoint;2;West Central;;400.000;3.600;2.700
C;C;;CP3;836;889;5;Checkpoint;3;Central;;1.200.000;4.200;3.200
C;C;;CP3;722;795;5;Checkpoint;3;Central;;1.200.000;4.200;3.200
C;C;;CP3;787;716;5;Checkpoint;3;Central;;1.200.000;4.200;3.200
C;C;;CP3;884;788;5;Checkpoint;3;Central;;1.200.000;4.200;3.200
N1-Z4,W-Z2;N1-Z4;W-Z2;CP3;190;509;5;Checkpoint;3;North 1;West;1.200.000;4.200;3.200
N1-Z5,N2-Z1;N1-Z5;N2-Z1;CP3;244;130;5;Checkpoint;3;North 1;North 2;1.200.000;4.200;3.200
N1-Z6,N2-Z4;N1-Z6;N2-Z4;CP3;470;359;5;Checkpoint;3;North 1;North 2;1.200.000;4.200;3.200
N1-Z6,W-Z5;N1-Z6;W-Z5;CP3;365;465;5;Checkpoint;3;North 1;West;1.200.000;4.200;3.200
N3-Z4,N4-Z6;N3-Z4;N4-Z6;CP3;1063;415;5;Checkpoint;3;North 3;North 4;1.200.000;4.200;3.200
N3-Z5,N4-Z4;N3-Z5;N4-Z4;CP3;1117;305;5;Checkpoint;3;North 3;North 4;1.200.000;4.200;3.200
N4-Z5,E-Z1;N4-Z5;E-Z1;CP3;1325;665;5;Checkpoint;3;North 4;East;1.200.000;4.200;3.200
N4-Z5,E-Z4;N4-Z5;E-Z4;CP3;1231;643;5;Checkpoint;3;North 4;East;1.200.000;4.200;3.200
S1-Z1,E-Z3;S1-Z1;E-Z3;CP3;1412;995;5;Checkpoint;3;South 1;East;1.200.000;4.200;3.200
S1-Z4,S2-Z1;S1-Z4;S2-Z1;CP3;1345;1346;5;Checkpoint;3;South 1;;1.200.000;4.200;3.200
S1-Z5,E-Z5;S1-Z5;E-Z5;CP3;1270;1020;5;Checkpoint;3;South 1;East;1.200.000;4.200;3.200
S1-Z6,S2-Z4;S1-Z6;S2-Z4;CP3;1167;1146;5;Checkpoint;3;South 1;South 2;1.200.000;4.200;3.200
S2-Z3,S3-Z4;S2-Z3;S3-Z4;CP3;799;1390;5;Checkpoint;3;South 2;South 3;1.200.000;4.200;3.200
S2-Z3,S3-Z6;S2-Z3;S3-Z6;CP3;772;1286;5;Checkpoint;3;South 2;South 3;1.200.000;4.200;3.200
S2-Z6,S3-Z6;S2-Z6;S3-Z6;CP3;717;1148;5;Checkpoint;3;South 2;South 3;1.200.000;4.200;3.200
S3-Z3,S4-Z1;S3-Z3;S4-Z1;CP3;298;1347;5;Checkpoint;3;South 3;South 4;1.200.000;4.200;3.200
S3-Z5,S4-Z5;S3-Z5;S4-Z5;CP3;307;1172;5;Checkpoint;3;South 3;South 4;1.200.000;4.200;3.200
S4-Z4,W-Z3;S4-Z4;W-Z3;CP3;182;871;5;Checkpoint;3;South 4;West;1.200.000;4.200;3.200
S4-Z6,W-Z3;S4-Z6;W-Z3;CP3;339;929;5;Checkpoint;3;South 4;West;1.200.000;4.200;3.200
WC-Z5,EC-Z1;WC-Z5;EC-Z1;CP3;828;991;5;Checkpoint;3;West Central;East Central;1.200.000;4.200;3.200
E-Z4,EC-Z4;E-Z4;EC-Z4;CP4;1128;658;5;Checkpoint;4;East;East Central;1.500.000;5.000;3.600
E-Z5;E-Z5;;CP4;1141;874;5;Checkpoint;4;East;East Central;1.500.000;5.000;3.600
N1-Z6,WC-Z2;N1-Z6;WC-Z2;CP4;493;493;5;Checkpoint;4;North 1;West Central;1.500.000;5.000;3.600
N2-Z5,EC-Z5;N2-Z5;EC-Z5;CP4;698;417;5;Checkpoint;4;North 2;East Central;1.500.000;5.000;3.600
N2-Z6,EC-Z5;N2-Z6;EC-Z5;CP4;859;392;5;Checkpoint;4;North 2;East Central;1.500.000;5.000;3.600
WC-Z1,N2-Z4;WC-Z1;N2-Z4;CP4;561;401;5;Checkpoint;4;North 2;West Central;1.500.000;5.000;3.600
N3-Z4,EC-Z3;N3-Z4;EC-Z3;CP4;1000;460;5;Checkpoint;4;North 3;East Central;1.500.000;5.000;3.600
N3-Z4,EC-Z5;N3-Z4;EC-Z5;CP4;929;414;5;Checkpoint;4;North 3;East Central;1.500.000;5.000;3.600
N4-Z6,EC-Z3;N4-Z6;EC-Z3;CP4;1033;528;5;Checkpoint;4;North 4;East Central;1.500.000;5.000;3.600
S1-Z5,EC-Z2;S1-Z5;EC-Z2;CP4;1126;1023;5;Checkpoint;4;South 1;East Central;1.500.000;5.000;3.600
S2-Z4,EC-Z1;S2-Z4;EC-Z1;CP4;939;1075;5;Checkpoint;4;South 2;East Central;1.500.000;5.000;3.600
S2-Z6,WC-Z5;S2-Z6;WC-Z5;CP4;763;1087;5;Checkpoint;4;South 2;West Central;1.500.000;5.000;3.600
S3-Z6,WC-Z4;S3-Z6;WC-Z4;CP4;549;1080;5;Checkpoint;4;South 3;West Central;1.500.000;5.000;3.600
S3-Z6,WC-Z5;S3-Z6;WC-Z5;CP4;655;1076;5;Checkpoint;4;South 3;West Central;1.500.000;5.000;3.600
S4-Z6,WC-Z4;S4-Z6;WC-Z4;CP4;450;1012;5;Checkpoint;4;South 4;West Central;1.500.000;5.000;3.600
W-Z3,WC-Z4;W-Z3;WC-Z4;CP4;385;853;5;Checkpoint;4;West;West Central;1.500.000;5.000;3.600
W-Z5,WC-Z3;W-Z5;WC-Z3;CP4;443;637;5;Checkpoint;4;West;West Central;1.500.000;5.000;3.600
C;C;;CP5;771;828;5;Checkpoint;5;Central;;2.000.000;6.400;4.200
C;C;;CP5;761;767;5;Checkpoint;5;Central;;2.000.000;6.400;4.200
C;C;;CP5;840;771;5;Checkpoint;5;Central;;2.000.000;6.400;4.200
C;C;;CP5;852;799;5;Checkpoint;5;Central;;2.000.000;6.400;4.200
EC-Z1,C;C;EC-Z1;CP5;888;867;5;Checkpoint;5;Central;East Central;2.000.000;6.400;4.200
EC-Z4,C;C;EC-Z4;CP5;934;763;5;Checkpoint;5;Central;East Central;2.000.000;6.400;4.200
WC-Z2,C;C;WC-Z2;CP5;709;704;5;Checkpoint;5;Central;West Central;2.000.000;6.400;4.200
WC-Z5,C;C;WC-Z5;CP5;720;887;5;Checkpoint;5;Central;West Central;2.000.000;6.400;4.200
E-Z1;E-Z1;;LT4;1450;803;50;Large Town;4;East;;3.750.000;6.000;4.500
E-Z2;E-Z2;;LT4;1570;948;50;Large Town;4;East;;3.750.000;6.000;4.500
E-Z4;E-Z4;;LT4;1220;729;50;Large Town;4;East;;3.750.000;6.000;4.500
E-Z5;E-Z5;;LT4;1200;875;50;Large Town;4;East;;3.750.000;6.000;4.500
EC-Z1;EC-Z1;;LT4;922;944;50;Large Town;4;East Central;;3.750.000;6.000;4.500
EC-Z2;EC-Z2;;LT4;1030;902;50;Large Town;4;East Central;;3.750.000;6.000;4.500
EC-Z3;EC-Z3;;LT4;1004;616;50;Large Town;4;East Central;;3.750.000;6.000;4.500
EC-Z5;EC-Z5;;LT4;870;508;50;Large Town;4;East Central;;3.750.000;6.000;4.500
N1-Z1;N1-Z1;;LT4;108;356;50;Large Town;4;North 1;;3.750.000;6.000;4.500
N1-Z3;N1-Z3;;LT4;111;92;50;Large Town;4;North 1;;3.750.000;6.000;4.500
N1-Z4;N1-Z4;;LT4;219;414;50;Large Town;4;North 1;;3.750.000;6.000;4.500
N1-Z5;N1-Z5;;LT4;246;191;50;Large Town;4;North 1;;3.750.000;6.000;4.500
N1-Z6;N1-Z6;;LT4;361;370;50;Large Town;4;North 1;;3.750.000;6.000;4.500
N2-Z1;N2-Z1;;LT4;312;135;50;Large Town;4;North 2;;3.750.000;6.000;4.500
N2-Z2;N2-Z2;;LT4;494;139;50;Large Town;4;North 2;;3.750.000;6.000;4.500
N2-Z3;N2-Z3;;LT4;666;131;50;Large Town;4;North 2;;3.750.000;6.000;4.500
N2-Z4;N2-Z4;;LT4;479;296;50;Large Town;4;North 2;;3.750.000;6.000;4.500
N2-Z6;N2-Z6;;LT4;749;296;50;Large Town;4;North 2;;3.750.000;6.000;4.500
N3-Z1;N3-Z1;;LT4;855;178;50;Large Town;4;North 3;;3.750.000;6.000;4.500
N3-Z2;N3-Z2;;LT4;1044;117;50;Large Town;4;North 3;;3.750.000;6.000;4.500
N3-Z3;N3-Z3;;LT4;1249;94;50;Large Town;4;North 3;;3.750.000;6.000;4.500
N3-Z4;N3-Z4;;LT4;938;348;50;Large Town;4;North 3;;3.750.000;6.000;4.500
N3-Z6;N3-Z6;;LT4;1197;202;50;Large Town;4;North 3;;3.750.000;6.000;4.500
N4-Z1;N4-Z1;;LT4;1435;128;50;Large Town;4;North 4;;3.750.000;6.000;4.500
N4-Z2;N4-Z2;;LT4;1453;329;50;Large Town;4;North 4;;3.750.000;6.000;4.500
N4-Z3;N4-Z3;;LT4;1410;522;50;Large Town;4;North 4;;3.750.000;6.000;4.500
N4-Z5;N4-Z5;;LT4;1325;576;50;Large Town;4;North 4;;3.750.000;6.000;4.500
N4-Z6;N4-Z6;;LT4;1145;530;50;Large Town;4;North 4;;3.750.000;6.000;4.500
S1-Z1;S1-Z1;;LT4;1464;1097;50;Large Town;4;South 1;;3.750.000;6.000;4.500
S1-Z2;S1-Z2;;LT4;1518;1260;50;Large Town;4;South 1;;3.750.000;6.000;4.500
S1-Z3;S1-Z3;;LT4;1524;1416;50;Large Town;4;South 1;;3.750.000;6.000;4.500
S1-Z5;S1-Z5;;LT4;1217;1070;50;Large Town;4;South 1;;3.750.000;6.000;4.500
S1-Z6;S1-Z6;;LT4;1258;1194;50;Large Town;4;South 1;;3.750.000;6.000;4.500
S2-Z1;S2-Z1;;LT4;1269;1377;50;Large Town;4;South 2;;3.750.000;6.000;4.500
S2-Z2;S2-Z2;;LT4;1062;1409;50;Large Town;4;South 2;;3.750.000;6.000;4.500
S2-Z3;S2-Z3;;LT4;837;1351;50;Large Town;4;South 2;;3.750.000;6.000;4.500
S2-Z4;S2-Z4;;LT4;1131;1197;50;Large Town;4;South 2;;3.750.000;6.000;4.500
S2-Z6;S2-Z6;;LT4;809;1191;50;Large Town;4;South 2;;3.750.000;6.000;4.500
S3-Z1;S3-Z1;;LT4;647;1441;50;Large Town;4;South 3;;3.750.000;6.000;4.500
S3-Z2;S3-Z2;;LT4;351;1437;50;Large Town;4;South 3;;3.750.000;6.000;4.500
S3-Z3;S3-Z3;;LT4;458;1390;50;Large Town;4;South 3;;3.750.000;6.000;4.500
S3-Z5;S3-Z5;;LT4;434;1239;50;Large Town;4;South 3;;3.750.000;6.000;4.500
S3-Z6;S3-Z6;;LT4;700;1247;50;Large Town;4;South 3;;3.750.000;6.000;4.500
S4-Z1;S4-Z1;;LT4;174;1398;50;Large Town;4;South 4;;3.750.000;6.000;4.500
S4-Z2;S4-Z2;;LT4;96;1237;50;Large Town;4;South 4;;3.750.000;6.000;4.500
S4-Z3;S4-Z3;;LT4;120;1085;50;Large Town;4;South 4;;3.750.000;6.000;4.500
S4-Z4;S4-Z4;;LT4;172;887;50;Large Town;4;South 4;;3.750.000;6.000;4.500
S4-Z6;S4-Z6;;LT4;345;1002;50;Large Town;4;South 4;;3.750.000;6.000;4.500
W-Z1;W-Z1;;LT4;71;706;50;Large Town;4;West;;3.750.000;6.000;4.500
W-Z2;W-Z2;;LT4;102;576;50;Large Town;4;West;;3.750.000;6.000;4.500
W-Z3;W-Z3;;LT4;258;847;50;Large Town;4;West;;3.750.000;6.000;4.500
W-Z5;W-Z5;;LT4;331;578;50;Large Town;4;West;;3.750.000;6.000;4.500
WC-Z1;WC-Z1;;LT4;615;524;50;Large Town;4;West Central;;3.750.000;6.000;4.500
WC-Z3;WC-Z3;;LT4;506;762;50;Large Town;4;West Central;;3.750.000;6.000;4.500
WC-Z4;WC-Z4;;LT4;500;900;50;Large Town;4;West Central;;3.750.000;6.000;4.500
WC-Z5;WC-Z5;;LT4;762;973;50;Large Town;4;West Central;;3.750.000;6.000;4.500
E-Z4;E-Z4;;ST1;1255;687;15;Small Town;1;East;;1.500.000;4.800;3.000
E-Z5;E-Z5;;ST1;1195;953;15;Small Town;1;East;;1.500.000;4.800;3.000
EC-Z1;EC-Z1;;ST1;868;1002;15;Small Town;1;East Central;;1.500.000;4.800;3.000
EC-Z5;EC-Z5;;ST1;761;468;15;Small Town;1;East Central;;1.500.000;4.800;3.000
N1-Z1;N1-Z1;;ST1;70;467;15;Small Town;1;North 1;;1.500.000;4.800;3.000
N1-Z1;N1-Z1;;ST1;103;440;15;Small Town;1;North 1;;1.500.000;4.800;3.000
N1-Z1;N1-Z1;;ST1;89;390;15;Small Town;1;North 1;;1.500.000;4.800;3.000
N1-Z1;N1-Z1;;ST1;56;287;15;Small Town;1;North 1;;1.500.000;4.800;3.000
N1-Z2;N1-Z2;;ST1;70;224;15;Small Town;1;North 1;;1.500.000;4.800;3.000
N1-Z3;N1-Z3;;ST1;141;54;15;Small Town;1;North 1;;1.500.000;4.800;3.000
N1-Z3;N1-Z3;;ST1;36;117;15;Small Town;1;North 1;;1.500.000;4.800;3.000
N1-Z3;N1-Z3;;ST1;104;47;15;Small Town;1;North 1;;1.500.000;4.800;3.000
N1-Z3;N1-Z3;;ST1;88;116;15;Small Town;1;North 1;;1.500.000;4.800;3.000
N1-Z4;N1-Z4;;ST1;221;335;15;Small Town;1;North 1;;1.500.000;4.800;3.000
N1-Z4;N1-Z4;;ST1;289;449;15;Small Town;1;North 1;;1.500.000;4.800;3.000
N1-Z5;N1-Z5;;ST1;182;169;15;Small Town;1;North 1;;1.500.000;4.800;3.000
N1-Z5;N1-Z5;;ST1;202;120;15;Small Town;1;North 1;;1.500.000;4.800;3.000
N1-Z6;N1-Z6;;ST1;452;415;15;Small Town;1;North 1;;1.500.000;4.800;3.000
N1-Z6;N1-Z6;;ST1;362;419;15;Small Town;1;North 1;;1.500.000;4.800;3.000
N2-Z1;N2-Z1;;ST1;354;105;15;Small Town;1;North 2;;1.500.000;4.800;3.000
N2-Z1;N2-Z1;;ST1;288;76;15;Small Town;1;North 2;;1.500.000;4.800;3.000
N2-Z1;N2-Z1;;ST1;240;90;15;Small Town;1;North 2;;1.500.000;4.800;3.000
N2-Z1;N2-Z1;;ST1;398;177;15;Small Town;1;North 2;;1.500.000;4.800;3.000
N2-Z2;N2-Z2;;ST1;525;103;15;Small Town;1;North 2;;1.500.000;4.800;3.000
N2-Z2;N2-Z2;;ST1;463;69;15;Small Town;1;North 2;;1.500.000;4.800;3.000
N2-Z2;N2-Z2;;ST1;533;168;15;Small Town;1;North 2;;1.500.000;4.800;3.000
N2-Z2;N2-Z2;;ST1;427;93;15;Small Town;1;North 2;;1.500.000;4.800;3.000
N2-Z3;N2-Z3;;ST1;722;173;15;Small Town;1;North 2;;1.500.000;4.800;3.000
N2-Z3;N2-Z3;;ST1;689;96;15;Small Town;1;North 2;;1.500.000;4.800;3.000
N2-Z4;N2-Z4;;ST1;484;337;15;Small Town;1;North 2;;1.500.000;4.800;3.000
N2-Z4;N2-Z4;;ST1;537;316;15;Small Town;1;North 2;;1.500.000;4.800;3.000
N2-Z5;N2-Z5;;ST1;693;358;15;Small Town;1;North 2;;1.500.000;4.800;3.000
N2-Z6;N2-Z6;;ST1;684;230;15;Small Town;1;North 2;;1.500.000;4.800;3.000
N2-Z6;N2-Z6;;ST1;775;261;15;Small Town;1;North 2;;1.500.000;4.800;3.000
N3-Z1;N3-Z1;;ST1;866;85;15;Small Town;1;North 3;;1.500.000;4.800;3.000
N3-Z1;N3-Z1;;ST1;911;228;5;Small Town;1;North 3;;1.500.000;4.800;3.000
N3-Z2;N3-Z2;;ST1;1123;141;15;Small Town;1;North 3;;1.500.000;4.800;3.000
N3-Z2;N3-Z2;;ST1;1019;139;15;Small Town;1;North 3;;1.500.000;4.800;3.000
N3-Z2;N3-Z2;;ST1;969;78;15;Small Town;1;North 3;;1.500.000;4.800;3.000
N3-Z2;N3-Z2;;ST1;1088;77;15;Small Town;1;North 3;;1.500.000;4.800;3.000
N3-Z3;N3-Z3;;ST1;1348;110;15;Small Town;1;North 3;;1.500.000;4.800;3.000
N3-Z3;N3-Z3;;ST1;1290;120;15;Small Town;1;North 3;;1.500.000;4.800;3.000
N3-Z3;N3-Z3;;ST1;1305;61;15;Small Town;1;North 3;;1.500.000;4.800;3.000
N3-Z3;N3-Z3;;ST1;1175;61;15;Small Town;1;North 3;;1.500.000;4.800;3.000
N3-Z4;N3-Z4;;ST1;857;274;15;Small Town;1;North 3;;1.500.000;4.800;3.000
N3-Z4;N3-Z4;;ST1;961;309;15;Small Town;1;North 3;;1.500.000;4.800;3.000
N3-Z5;N3-Z5;;ST1;1083;249;15;Small Town;1;North 3;;1.500.000;4.800;3.000
N3-Z6;N3-Z6;;ST1;1192;148;15;Small Town;1;North 3;;1.500.000;4.800;3.000
N3-Z6;N3-Z6;;ST1;1246;233;15;Small Town;1;North 3;;1.500.000;4.800;3.000
N4-Z1;N4-Z1;;ST1;1484;175;15;Small Town;1;North 4;;1.500.000;4.800;3.000
N4-Z1;N4-Z1;;ST1;1480;89;15;Small Town;1;North 4;;1.500.000;4.800;3.000
N4-Z2;N4-Z2;;ST1;1480;256;15;Small Town;1;North 4;;1.500.000;4.800;3.000
N4-Z2;N4-Z2;;ST1;1418;263;15;Small Town;1;North 4;;1.500.000;4.800;3.000
N4-Z2;N4-Z2;;ST1;1428;357;15;Small Town;1;North 4;;1.500.000;4.800;3.000
N4-Z2;N4-Z2;;ST1;1369;285;15;Small Town;1;North 4;;1.500.000;4.800;3.000
N4-Z3;N4-Z3;;ST1;1436;478;15;Small Town;1;North 4;;1.500.000;4.800;3.000
N4-Z3;N4-Z3;;ST1;1487;606;15;Small Town;1;North 4;;1.500.000;4.800;3.000
N4-Z3;N4-Z3;;ST1;1487;545;15;Small Town;1;North 4;;1.500.000;4.800;3.000
N4-Z3;N4-Z3;;ST1;1415;579;15;Small Town;1;North 4;;1.500.000;4.800;3.000
N4-Z4;N4-Z4;;ST1;1173;345;15;Small Town;1;North 4;;1.500.000;4.800;3.000
N4-Z5;N4-Z5;;ST1;1429;696;15;Small Town;1;North 4;;1.500.000;4.800;3.000
N4-Z5;N4-Z5;;ST1;1294;617;15;Small Town;1;North 4;;1.500.000;4.800;3.000
N4-Z6;N4-Z6;;ST1;1131;474;15;Small Town;1;North 4;;1.500.000;4.800;3.000
N4-Z6;N4-Z6;;ST1;1055;491;15;Small Town;1;North 4;;1.500.000;4.800;3.000
S1-Z1;S1-Z1;;ST1;1511;1125;15;Small Town;1;South 1;;1.500.000;4.800;3.000
S1-Z1;S1-Z1;;ST1;1492;1070;15;Small Town;1;South 1;;1.500.000;4.800;3.000
S1-Z1;S1-Z1;;ST1;1373;1062;15;Small Town;1;South 1;;1.500.000;4.800;3.000
S1-Z1;S1-Z1;;ST1;1405;1032;15;Small Town;1;South 1;;1.500.000;4.800;3.000
S1-Z2;S1-Z2;;ST1;1581;1258;15;Small Town;1;South 1;;1.500.000;4.800;3.000
S1-Z2;S1-Z2;;ST1;1517;1301;15;Small Town;1;South 1;;1.500.000;4.800;3.000
S1-Z3;S1-Z3;;ST1;1554;1486;15;Small Town;1;South 1;;1.500.000;4.800;3.000
S1-Z3;S1-Z3;;ST1;1486;1499;15;Small Town;1;South 1;;1.500.000;4.800;3.000
S1-Z3;S1-Z3;;ST1;1499;1378;15;Small Town;1;South 1;;1.500.000;4.800;3.000
S1-Z3;S1-Z3;;ST1;1577;1399;15;Small Town;1;South 1;;1.500.000;4.800;3.000
S1-Z4;S1-Z4;;ST1;1430;1327;15;Small Town;1;South 1;;1.500.000;4.800;3.000
S1-Z5;S1-Z5;;ST1;1274;1059;15;Small Town;1;South 1;;1.500.000;4.800;3.000
S1-Z5;S1-Z5;;ST1;1148;1060;15;Small Town;1;South 1;;1.500.000;4.800;3.000
S1-Z6;S1-Z6;;ST1;1293;1242;15;Small Town;1;South 1;;1.500.000;4.800;3.000
S1-Z6;S1-Z6;;ST1;1317;1169;15;Small Town;1;South 1;;1.500.000;4.800;3.000
S2-Z1;S2-Z1;;ST1;1279;1317;15;Small Town;1;South 2;;1.500.000;4.800;3.000
S2-Z1;S2-Z1;;ST1;1162;1361;15;Small Town;1;South 2;;1.500.000;4.800;3.000
S2-Z1;S2-Z1;;ST1;1371;1441;15;Small Town;1;South 2;;1.500.000;4.800;3.000
S2-Z1;S2-Z1;;ST1;1274;1443;15;Small Town;1;South 2;;1.500.000;4.800;3.000
S2-Z2;S2-Z2;;ST1;1144;1428;15;Small Town;1;South 2;;1.500.000;4.800;3.000
S2-Z2;S2-Z2;;ST1;1122;1497;15;Small Town;1;South 2;;1.500.000;4.800;3.000
S2-Z3;S2-Z3;;ST1;901;1398;15;Small Town;1;South 2;;1.500.000;4.800;3.000
S2-Z3;S2-Z3;;ST1;832;1435;15;Small Town;1;South 2;;1.500.000;4.800;3.000
S2-Z3;S2-Z3;;ST1;901;1464;15;Small Town;1;South 2;;1.500.000;4.800;3.000
S2-Z3;S2-Z3;;ST1;980;1436;15;Small Town;1;South 2;;1.500.000;4.800;3.000
S2-Z4;S2-Z4;;ST1;1153;1253;15;Small Town;1;South 2;;1.500.000;4.800;3.000
S2-Z4;S2-Z4;;ST1;1079;1120;15;Small Town;1;South 2;;1.500.000;4.800;3.000
S2-Z5;S2-Z5;;ST1;959;1308;15;Small Town;1;South 2;;1.500.000;4.800;3.000
S2-Z6;S2-Z6;;ST1;796;1238;15;Small Town;1;South 2;;1.500.000;4.800;3.000
S2-Z6;S2-Z6;;ST1;844;1125;15;Small Town;1;South 2;;1.500.000;4.800;3.000
S3-Z1;S3-Z1;;ST1;667;1487;15;Small Town;1;South 3;;1.500.000;4.800;3.000
S3-Z1;S3-Z1;;ST1;619;1470;15;Small Town;1;South 3;;1.500.000;4.800;3.000
S3-Z1;S3-Z1;;ST1;792;1511;15;Small Town;1;South 3;;1.500.000;4.800;3.000
S3-Z1;S3-Z1;;ST1;610;1406;15;Small Town;1;South 3;;1.500.000;4.800;3.000
S3-Z2;S3-Z2;;ST1;460;1493;15;Small Town;1;South 3;;1.500.000;4.800;3.000
S3-Z2;S3-Z2;;ST1;404;1499;15;Small Town;1;South 3;;1.500.000;4.800;3.000
S3-Z2;S3-Z2;;ST1;345;1507;15;Small Town;1;South 3;;1.500.000;4.800;3.000
S3-Z2;S3-Z2;;ST1;312;1460;15;Small Town;1;South 3;;1.500.000;4.800;3.000
S3-Z3;S3-Z3;;ST1;533;1464;15;Small Town;1;South 3;;1.500.000;4.800;3.000
S3-Z3;S3-Z3;;ST1;537;1376;15;Small Town;1;South 3;;1.500.000;4.800;3.000
S3-Z4;S3-Z4;;ST1;733;1400;15;Small Town;1;South 3;;1.500.000;4.800;3.000
S3-Z5;S3-Z5;;ST1;469;1195;15;Small Town;1;South 3;;1.500.000;4.800;3.000
S3-Z5;S3-Z5;;ST1;422;1161;15;Small Town;1;South 3;;1.500.000;4.800;3.000
S3-Z6;S3-Z6;;ST1;611;1198;15;Small Town;1;South 3;;1.500.000;4.800;3.000
S3-Z6;S3-Z6;;ST1;574;1140;15;Small Town;1;South 3;;1.500.000;4.800;3.000
S4-Z1;S4-Z1;;ST1;112;1431;15;Small Town;1;South 4;;1.500.000;4.800;3.000
S4-Z1;S4-Z1;;ST1;142;1498;15;Small Town;1;South 4;;1.500.000;4.800;3.000
S4-Z1;S4-Z1;;ST1;245;1356;15;Small Town;1;South 4;;1.500.000;4.800;3.000
S4-Z1;S4-Z1;;ST1;221;1483;15;Small Town;1;South 4;;1.500.000;4.800;3.000
S4-Z2;S4-Z2;;ST1;123;1198;15;Small Town;1;South 4;;1.500.000;4.800;3.000
S4-Z2;S4-Z2;;ST1;80;1291;15;Small Town;1;South 4;;1.500.000;4.800;3.000
S4-Z3;S4-Z3;;ST1;76;959;15;Small Town;1;South 4;;1.500.000;4.800;3.000
S4-Z3;S4-Z3;;ST1;119;1008;15;Small Town;1;South 4;;1.500.000;4.800;3.000
S4-Z3;S4-Z3;;ST1;90;1129;15;Small Town;1;South 4;;1.500.000;4.800;3.000
S4-Z3;S4-Z3;;ST1;48;1027;15;Small Town;1;South 4;;1.500.000;4.800;3.000
S4-Z4;S4-Z4;;ST1;142;927;15;Small Town;1;South 4;;1.500.000;4.800;3.000
S4-Z4;S4-Z4;;ST1;100;877;15;Small Town;1;South 4;;1.500.000;4.800;3.000
S4-Z5;S4-Z5;;ST1;273;1210;15;Small Town;1;South 4;;1.500.000;4.800;3.000
S4-Z6;S4-Z6;;ST1;414;1038;15;Small Town;1;South 4;;1.500.000;4.800;3.000
S4-Z6;S4-Z6;;ST1;460;1091;15;Small Town;1;South 4;;1.500.000;4.800;3.000
W-Z3;W-Z3;;ST1;326;859;15;Small Town;1;West;;1.500.000;4.800;3.000
W-Z5;W-Z5;;ST1;389;531;15;Small Town;1;West;;1.500.000;4.800;3.000
WC-Z1;WC-Z1;;ST1;586;453;15;Small Town;1;West Central;;1.500.000;4.800;3.000
WC-Z4;WC-Z4;;ST1;535;979;15;Small Town;1;West Central;;1.500.000;4.800;3.000
E-Z1;E-Z1;;ST2;1372;758;20;Small Town;2;East;;2.000.000;5.200;3.600
E-Z1;E-Z1;;ST2;1546;790;20;Small Town;2;East;;2.000.000;5.200;3.600
E-Z2;E-Z2;;ST2;1507;977;20;Small Town;2;East;;2.000.000;5.200;3.600
E-Z2;E-Z2;;ST2;1494;893;20;Small Town;2;East;;2.000.000;5.200;3.600
E-Z3;E-Z3;;ST2;1289;844;20;Small Town;2;East;;2.000.000;5.200;3.600
E-Z3;E-Z3;;ST2;1400;882;20;Small Town;2;East;;2.000.000;5.200;3.600
E-Z4;E-Z4;;ST2;1169;671;20;Small Town;2;East;;2.000.000;5.200;3.600
E-Z5;E-Z5;;ST2;1261;924;20;Small Town;2;East;;2.000.000;5.200;3.600
EC-Z1;EC-Z1;;ST2;936;863;20;Small Town;2;East Central;;2.000.000;5.200;3.600
EC-Z2;EC-Z2;;ST2;1072;809;20;Small Town;2;East Central;;2.000.000;5.200;3.600
EC-Z2;EC-Z2;;ST2;987;975;20;Small Town;2;East Central;;2.000.000;5.200;3.600
EC-Z3;EC-Z3;;ST2;1006;559;20;Small Town;2;East Central;;2.000.000;5.200;3.600
EC-Z3;EC-Z3;;ST2;1069;672;20;Small Town;2;East Central;;2.000.000;5.200;3.600
EC-Z4;EC-Z4;;ST2;890;631;20;Small Town;2;East Central;;2.000.000;5.200;3.600
EC-Z4;EC-Z4;;ST2;923;722;20;Small Town;2;East Central;;2.000.000;5.200;3.600
EC-Z5;EC-Z5;;ST2;927;465;20;Small Town;2;East Central;;2.000.000;5.200;3.600
N1-Z2;N1-Z2;;ST2;109;202;20;Small Town;2;North 1;;2.000.000;5.200;3.600
N1-Z2;N1-Z2;;ST2;132;266;20;Small Town;2;North 1;;2.000.000;5.200;3.600
N1-Z4;N1-Z4;;ST2;179;438;20;Small Town;2;North 1;;2.000.000;5.200;3.600
N1-Z5;N1-Z5;;ST2;268;247;20;Small Town;2;North 1;;2.000.000;5.200;3.600
N1-Z6;N1-Z6;;ST2;328;296;20;Small Town;2;North 1;;2.000.000;5.200;3.600
N2-Z3;N2-Z3;;ST2;608;104;20;Small Town;2;North 2;;2.000.000;5.200;3.600
N2-Z4;N2-Z4;;ST2;418;270;20;Small Town;2;North 2;;2.000.000;5.200;3.600
N2-Z5;N2-Z5;;ST2;596;209;20;Small Town;2;North 2;;2.000.000;5.200;3.600
N2-Z5;N2-Z5;;ST2;608;325;20;Small Town;2;North 2;;2.000.000;5.200;3.600
N2-Z6;N2-Z6;;ST2;801;338;20;Small Town;2;North 2;;2.000.000;5.200;3.600
N3-Z1;N3-Z1;;ST2;822;111;20;Small Town;2;North 3;;2.000.000;5.200;3.600
N3-Z4;N3-Z4;;ST2;1000;364;20;Small Town;2;North 3;;2.000.000;5.200;3.600
N3-Z5;N3-Z5;;ST2;1054;302;20;Small Town;2;North 3;;2.000.000;5.200;3.600
N3-Z5;N3-Z5;;ST2;955;176;20;Small Town;2;North 3;;2.000.000;5.200;3.600
N3-Z6;N3-Z6;;ST2;1146;206;20;Small Town;2;North 3;;2.000.000;5.200;3.600
N4-Z1;N4-Z1;;ST2;1427;82;20;Small Town;2;North 4;;2.000.000;5.200;3.600
N4-Z4;N4-Z4;;ST2;1310;358;20;Small Town;2;North 4;;2.000.000;5.200;3.600
N4-Z4;N4-Z4;;ST2;1237;398;20;Small Town;2;North 4;;2.000.000;5.200;3.600
N4-Z5;N4-Z5;;ST2;1242;482;20;Small Town;2;North 4;;2.000.000;5.200;3.600
N4-Z6;N4-Z6;;ST2;1217;578;20;Small Town;2;North 4;;2.000.000;5.200;3.600
S1-Z2;S1-Z2;;ST2;1474;1188;20;Small Town;2;South 1;;2.000.000;5.200;3.600
S1-Z4;S1-Z4;;ST2;1380;1339;20;Small Town;2;South 1;;2.000.000;5.200;3.600
S1-Z4;S1-Z4;;ST2;1383;1173;20;Small Town;2;South 1;;2.000.000;5.200;3.600
S1-Z5;S1-Z5;;ST2;1239;1104;20;Small Town;2;South 1;;2.000.000;5.200;3.600
S1-Z6;S1-Z6;;ST2;1224;1193;20;Small Town;2;South 1;;2.000.000;5.200;3.600
S2-Z2;S2-Z2;;ST2;1032;1423;20;Small Town;2;South 2;;2.000.000;5.200;3.600
S2-Z4;S2-Z4;;ST2;1013;1135;20;Small Town;2;South 2;;2.000.000;5.200;3.600
S2-Z5;S2-Z5;;ST2;896;1210;20;Small Town;2;South 2;;2.000.000;5.200;3.600
S2-Z5;S2-Z5;;ST2;1025;1252;20;Small Town;2;South 2;;2.000.000;5.200;3.600
S2-Z6;S2-Z6;;ST2;765;1138;20;Small Town;2;South 2;;2.000.000;5.200;3.600
S3-Z3;S3-Z3;;ST2;389;1318;20;Small Town;2;South 3;;2.000.000;5.200;3.600
S3-Z4;S3-Z4;;ST2;648;1307;20;Small Town;2;South 3;;2.000.000;5.200;3.600
S3-Z4;S3-Z4;;ST2;581;1329;20;Small Town;2;South 3;;2.000.000;5.200;3.600
S3-Z5;S3-Z5;;ST2;352;1174;20;Small Town;2;South 3;;2.000.000;5.200;3.600
S3-Z6;S3-Z6;;ST2;660;1142;20;Small Town;2;South 3;;2.000.000;5.200;3.600
S4-Z2;S4-Z2;;ST2;133;1267;20;Small Town;2;South 4;;2.000.000;5.200;3.600
S4-Z4;S4-Z4;;ST2;203;949;20;Small Town;2;South 4;;2.000.000;5.200;3.600
S4-Z5;S4-Z5;;ST2;211;1212;20;Small Town;2;South 4;;2.000.000;5.200;3.600
S4-Z5;S4-Z5;;ST2;200;1038;20;Small Town;2;South 4;;2.000.000;5.200;3.600
S4-Z6;S4-Z6;;ST2;328;1070;20;Small Town;2;South 4;;2.000.000;5.200;3.600
W-Z1;W-Z1;;ST2;96;763;20;Small Town;2;West;;2.000.000;5.200;3.600
W-Z1;W-Z1;;ST2;37;658;20;Small Town;2;West;;2.000.000;5.200;3.600
W-Z2;W-Z2;;ST2;160;566;20;Small Town;2;West;;2.000.000;5.200;3.600
W-Z2;W-Z2;;ST2;45;553;20;Small Town;2;West;;2.000.000;5.200;3.600
W-Z3;W-Z3;;ST2;199;824;20;Small Town;2;West;;2.000.000;5.200;3.600
W-Z4;W-Z4;;ST2;168;700;20;Small Town;2;West;;2.000.000;5.200;3.600
W-Z4;W-Z4;;ST2;254;673;20;Small Town;2;West;;2.000.000;5.200;3.600
W-Z5;W-Z5;;ST2;352;670;20;Small Town;2;West;;2.000.000;5.200;3.600
WC-Z1;WC-Z1;;ST2;668;536;20;Small Town;2;West Central;;2.000.000;5.200;3.600
WC-Z2;WC-Z2;;ST2;613;800;20;Small Town;2;West Central;;2.000.000;5.200;3.600
WC-Z2;WC-Z2;;ST2;553;579;20;Small Town;2;West Central;;2.000.000;5.200;3.600
WC-Z3;WC-Z3;;ST2;463;684;20;Small Town;2;West Central;;2.000.000;5.200;3.600
WC-Z3;WC-Z3;;ST2;526;815;20;Small Town;2;West Central;;2.000.000;5.200;3.600
WC-Z4;WC-Z4;;ST2;423;883;20;Small Town;2;West Central;;2.000.000;5.200;3.600
WC-Z5;WC-Z5;;ST2;633;987;20;Small Town;2;West Central;;2.000.000;5.200;3.600
WC-Z5;WC-Z5;;ST2;708;1012;20;Small Town;2;West Central;;2.000.000;5.200;3.600
E-Z1;E-Z1;;STRHD;1368;726;10;Stronghold;0;East;;1.000.000;3.000;
E-Z2;E-Z2;;STRHD;1522;923;10;Stronghold;0;East;;1.000.000;3.000;
E-Z3;E-Z3;;STRHD;1349;848;10;Stronghold;0;East;;1.000.000;3.000;
E-Z4;E-Z4;;STRHD;1162;639;10;Stronghold;0;East;;1.000.000;3.000;
E-Z5;E-Z5;;STRHD;1222;907;10;Stronghold;0;East;;1.000.000;3.000;
N1-Z4;N1-Z4;;STRHD;226;382;10;Stronghold;0;North 1;;1.000.000;3.000;
N1-Z5;N1-Z5;;STRHD;302;236;10;Stronghold;0;North 1;;1.000.000;3.000;
N1-Z6;N1-Z6;;STRHD;403;444;10;Stronghold;0;North 1;;1.000.000;3.000;
N2-Z4;N2-Z4;;STRHD;514;340;10;Stronghold;0;North 2;;1.000.000;3.000;
N2-Z5;N2-Z5;;STRHD;660;357;10;Stronghold;0;North 2;;1.000.000;3.000;
N2-Z6;N2-Z6;;STRHD;815;331;10;Stronghold;0;North 2;;1.000.000;3.000;
N3-Z4;N3-Z4;;STRHD;886;329;10;Stronghold;0;North 3;;1.000.000;3.000;
N3-Z5;N3-Z5;;STRHD;1051;256;10;Stronghold;0;North 3;;1.000.000;3.000;
N3-Z6;N3-Z6;;STRHD;1175;239;10;Stronghold;0;North 3;;1.000.000;3.000;
N4-Z4;N4-Z4;;STRHD;1214;335;10;Stronghold;0;North 4;;1.000.000;3.000;
N4-Z5;N4-Z5;;STRHD;1289;535;10;Stronghold;0;North 4;;1.000.000;3.000;
N4-Z6;N4-Z6;;STRHD;1037;459;10;Stronghold;0;North 4;;1.000.000;3.000;
S1-Z4;S1-Z4;;STRHD;1395;1304;10;Stronghold;0;South 1;;1.000.000;3.000;
S1-Z5;S1-Z5;;STRHD;1181;1037;10;Stronghold;0;South 1;;1.000.000;3.000;
S1-Z6;S1-Z6;;STRHD;1212;1149;10;Stronghold;0;South 1;;1.000.000;3.000;
S2-76;S2-76;;STRHD;773;1190;10;Stronghold;0;South 2;;1.000.000;3.000;
S2-Z4;S2-Z4;;STRHD;1026;1103;10;Stronghold;0;South 2;;1.000.000;3.000;
S2-Z5;S2-Z5;;STRHD;988;1230;10;Stronghold;0;South 2;;1.000.000;3.000;
S3-Z4;S3-Z4;;STRHD;603;1280;10;Stronghold;0;South 3;;1.000.000;3.000;
S3-Z5;S3-Z5;;STRHD;369;1149;10;Stronghold;0;South 3;;1.000.000;3.000;
S3-Z6;S3-Z6;;STRHD;631;1146;10;Stronghold;0;South 3;;1.000.000;3.000;
S4-Z4;S4-Z4;;STRHD;135;885;10;Stronghold;0;South 4;;1.000.000;3.000;
S4-Z5;S4-Z5;;STRHD;259;1163;10;Stronghold;0;South 4;;1.000.000;3.000;
S4-Z6;S4-Z6;;STRHD;397;1064;10;Stronghold;0;South 4;;1.000.000;3.000;
W-Z1;W-Z1;;STRHD;61;744;10;Stronghold;0;West;;1.000.000;3.000;
W-Z2;W-Z2;;STRHD;106;533;10;Stronghold;0;West;;1.000.000;3.000;
W-Z3;W-Z3;;STRHD;312;817;10;Stronghold;0;West;;1.000.000;3.000;
W-Z4;W-Z4;;STRHD;211;692;10;Stronghold;0;West;;1.000.000;3.000;
W-Z5;W-Z5;;STRHD;354;555;10;Stronghold;0;West;;1.000.000;3.000;